product_id,image_url
1,https://product.hstatic.net/200000722513/product/ava_f9ac49b0c6b7409185b80f1b7cce04ca_1024x1024.png
1,https://product.hstatic.net/200000722513/product/asus-rog-zephyrus-g16-gu605mv-qr196ws_4c28724c9ede47b794d8390a87598db9_9cd6c3f27e2041779fa27eb3a00e4363_1024x1024.png
1,https://product.hstatic.net/200000722513/product/us-rog-zephyrus-g16-gu605mv-qr196ws_1_c17a841b0a764e259724b21a43739750_ab6eb23ab0ff4546a1a93995348e784e_1024x1024.png
1,https://product.hstatic.net/200000722513/product/us-rog-zephyrus-g16-gu605mv-qr196ws_2_58aeb9d8fb124aaa84dbaa564323c183_32d0787aa65d48968709a768a1137998_1024x1024.png
1,https://product.hstatic.net/200000722513/product/us-rog-zephyrus-g16-gu605mv-qr196ws_7_1969fd06b065410db4f462e785639af2_3d6b96112db6412dabfeba8686085c5f_1024x1024.png
1,https://product.hstatic.net/200000722513/product/us-rog-zephyrus-g16-gu605mv-qr196ws_5_d8da781388ad4a3eb432027f1949642d_edc79d66fc8049b78eafbae68cb5aa79_1024x1024.png
1,https://product.hstatic.net/200000722513/product/us-rog-zephyrus-g16-gu605mv-qr196ws_6_6397755f1f984fff939c9cd8cd3c639a_ba44a5ef91594f3da8500dca8199a028_1024x1024.png
1,https://product.hstatic.net/200000722513/product/us-rog-zephyrus-g16-gu605mv-qr196ws_3_22b01d251a60420192c8eda2a9b9ec1a_5621df5258b2454dbdd74f662f993916_1024x1024.png
1,https://product.hstatic.net/200000722513/product/us-rog-zephyrus-g16-gu605mv-qr196ws_4_f9defc0b27ef4d359089f495dcc535b1_7062917e6e5b4f6f888bd13f4d4c90e6_1024x1024.png
1,https://product.hstatic.net/200000722513/product/us-rog-zephyrus-g16-gu605mv-qr196ws_8_ad8a92481a5146c28cda7698f3ec9329_5930892c87ed4a5189863d0abc8e30c2_1024x1024.png
2,https://product.hstatic.net/200000722513/product/1024__5__c1a76aeb9348493c8aefe42dddae273d_1024x1024.png
2,https://product.hstatic.net/200000722513/product/1024_0d9aa6430a1d47c89342edddecc2fa55_1024x1024.png
3,https://product.hstatic.net/200000722513/product/thin-new_53b6dda3063c4b1fb550042f10500adc_1024x1024.png
3,https://product.hstatic.net/200000722513/product/hinh_san_pham_3_8979dd2d9c9e4e4b98df93dd5ef429fc_1024x1024.png
3,https://product.hstatic.net/200000722513/product/pic_3_84ace385b0de48eb949f503c1385b519_1024x1024.png
3,https://product.hstatic.net/200000722513/product/hinh_san_pham_1_6a7f151a58ce483bbd38aefe5081e1ee_1024x1024.png
3,https://product.hstatic.net/200000722513/product/pic_4_61ca32beccea489b8b072331c9ba7ee6_1024x1024.png
3,https://product.hstatic.net/200000722513/product/msi_nb_thin_15_photo_01_c1838ba8f7e949c2a3652b9047742603_1024x1024.png
3,https://product.hstatic.net/200000722513/product/msi_nb_thin_15_photo_11_5e38ea8b2e274454aa3e6489747c5b10_1024x1024.png
3,https://product.hstatic.net/200000722513/product/msi_nb_thin_15_photo_12_0237422781d84b678c27ec4e0b7a3829_1024x1024.png
4,https://product.hstatic.net/200000722513/product/ava_e10fafc0165e4a2cb5380668574e512d_1024x1024.png
4,https://product.hstatic.net/200000722513/product/1024__1__51da43ccf4d7474a96cac0be97ce938d_1024x1024.png
4,https://product.hstatic.net/200000722513/product/1024__2__75b72195b1f64cf0b00ef5018698aa0e_1024x1024.png
4,https://product.hstatic.net/200000722513/product/1024__4__4bf54c10eb7942d3b36f4139fc8be525_1024x1024.png
4,https://product.hstatic.net/200000722513/product/1024__3__7ec191a6f2cb43abbe95997fca237fd1_1024x1024.png
4,https://product.hstatic.net/200000722513/product/1024_3eed00697f2e40538dc963b9b0a6c72c_1024x1024.png
5,https://product.hstatic.net/200000722513/product/ava_057456abd3f64aba95a811b46928b312_1024x1024.png
5,https://product.hstatic.net/200000722513/product/thinkpad_p14s_gen_5_intel_ct1_01_91975cbe7ce34bdb90d3cef7738e3474_1024x1024.png
5,https://product.hstatic.net/200000722513/product/thinkpad_p14s_gen_5_intel_ct2_06_80e1ea85c51943a29464090a0f2e317a_1024x1024.png
5,https://product.hstatic.net/200000722513/product/thinkpad_p14s_gen_5_intel_ct2_05_52c1979d5e5547e8bc23a15a5e41332a_1024x1024.png
5,https://product.hstatic.net/200000722513/product/thinkpad_p14s_gen_5_intel_ct2_01_eb3ec0ddf7944363b35b0d1fc7d8a6c5_1024x1024.png
5,https://product.hstatic.net/200000722513/product/thinkpad_p14s_gen_5_intel_ct2_02_1fab9ccf3c1f46cbb94aba81108221c3_1024x1024.png
5,https://product.hstatic.net/200000722513/product/thinkpad_p14s_gen_5_intel_ct2_03_00b04ed9a90f4b76a3e63ff672f81713_1024x1024.png
5,https://product.hstatic.net/200000722513/product/thinkpad_p14s_gen_5_intel_ct2_04__1__45e5790bd7184022b26dc7e5d1cb854a_1024x1024.png
5,https://product.hstatic.net/200000722513/product/thinkpad_p14s_gen_5_intel_ct2_04_88cadbd28b764af69c3e348f85c79a8f_1024x1024.png
6,https://product.hstatic.net/200000722513/product/ava_11036b32e9e44271bf11e9597d394e4c_1024x1024.png
6,https://product.hstatic.net/200000722513/product/thinkpad_p14s_gen_5_intel_ct1_01_8b96b69cb2d54fec96ca049b0c6ea5c2_1024x1024.png
6,https://product.hstatic.net/200000722513/product/thinkpad_p14s_gen_5_intel_ct2_06_0b821ddd7d4540c0bc5133c462536d01_1024x1024.png
6,https://product.hstatic.net/200000722513/product/thinkpad_p14s_gen_5_intel_ct2_05_d59ec4a8ab3843c6b55fe23065a53461_1024x1024.png
6,https://product.hstatic.net/200000722513/product/thinkpad_p14s_gen_5_intel_ct2_01_9e44af71eea44ca097163885e55a9f6c_1024x1024.png
6,https://product.hstatic.net/200000722513/product/thinkpad_p14s_gen_5_intel_ct2_02_9af3c92225c64273843db1a7b826dde3_1024x1024.png
6,https://product.hstatic.net/200000722513/product/thinkpad_p14s_gen_5_intel_ct2_03_2d1546e04ead47a5b102a850254eadda_1024x1024.png
6,https://product.hstatic.net/200000722513/product/thinkpad_p14s_gen_5_intel_ct2_04__1__1fa709b49a3d4df387a2fe863b357148_1024x1024.png
6,https://product.hstatic.net/200000722513/product/thinkpad_p14s_gen_5_intel_ct2_04_65dcd5ef1c244ae688c547feb2816e40_1024x1024.png
7,https://product.hstatic.net/200000722513/product/ava_13be1c4877d64028a6e4f27037c94a36_1024x1024.png
7,https://product.hstatic.net/200000722513/product/thinkpad_x1_carbon_gen_12_ct1_05_610d8b14024a4751b1f58d0cc34dfe29_1024x1024.png
7,https://product.hstatic.net/200000722513/product/thinkpad_x1_carbon_gen_12_ct1_07_561b8804a7494c9d8353dc2391947eaf_1024x1024.png
7,https://product.hstatic.net/200000722513/product/thinkpad_x1_carbon_gen_12_ct2_05_07590b43cea04637a57abc58586a0994_1024x1024.png
7,https://product.hstatic.net/200000722513/product/thinkpad_x1_carbon_gen_12_ct2_04_6f71aa61001e4c119821829c019c7dfe_1024x1024.png
7,https://product.hstatic.net/200000722513/product/thinkpad_x1_carbon_gen_12_ct1_09_ea31a1cdd9a540c5bef1bc18b5ef5728_1024x1024.png
7,https://product.hstatic.net/200000722513/product/thinkpad_x1_carbon_gen_12_ct2_10_8c899fedb5884c2495c5ad2ed7a9dcec_1024x1024.png
7,https://product.hstatic.net/200000722513/product/thinkpad_x1_carbon_gen_12_ct2_11_2f6629a0c160451db53b192345df3519_1024x1024.png
7,https://product.hstatic.net/200000722513/product/thinkpad_x1_carbon_gen_12_ct2_02_64e89e81c85046c89c2e8c4e80713191_1024x1024.png
7,https://product.hstatic.net/200000722513/product/thinkpad_x1_carbon_gen_12_ct2_03_b43ca0f961e348f5bb8c293c15d1bc03_1024x1024.png
8,https://product.hstatic.net/200000722513/product/ava_1c68829547de49f0acd0cf4cf7cb9da3_1024x1024.png
8,https://product.hstatic.net/200000722513/product/thinkpad_x13_gen_5_ct1_03_d0c54764e789472791c02cd28d3bf883_1024x1024.png
8,https://product.hstatic.net/200000722513/product/thinkpad_x13_gen_5_ct1_04_a3ad9529b5a5471dbe1646e66ac0d706_1024x1024.png
8,https://product.hstatic.net/200000722513/product/thinkpad_x13_gen_5_ct1_07_8ea7d6852ae34b1ca09ee38d6ce0636f_1024x1024.png
8,https://product.hstatic.net/200000722513/product/thinkpad_x13_gen_5_ct2_02_7effc598efb24c8db6b9126f05289ccf_1024x1024.png
8,https://product.hstatic.net/200000722513/product/thinkpad_x13_gen_5_ct2_03_d9220aa935e74c249de19d0ba1c1f557_1024x1024.png
8,https://product.hstatic.net/200000722513/product/thinkpad_x13_gen_5_ct2_04_b8cd79e8dea24fe4bb0d4942390643bb_1024x1024.png
8,https://product.hstatic.net/200000722513/product/thinkpad_x13_gen_5_ct2_05_fc8f3da755124151aff5393040feba8b_1024x1024.png
8,https://product.hstatic.net/200000722513/product/thinkpad_x13_gen_5_ct2_06_a64f8ebfbc96468ab0d01ec15a5b9070_1024x1024.png
8,https://product.hstatic.net/200000722513/product/thinkpad_x13_gen_5_ct2_07_1866f4922e2a4087a6a5cae577e3b3a8_1024x1024.png
9,https://product.hstatic.net/200000722513/product/ava_810a00b3d74848829bbe8a18491c43fd_1024x1024.png
9,https://product.hstatic.net/200000722513/product/thinkbook_14_g6_abp_ct2_02_85de58303dd143f68081a988d43fdb93_1024x1024.png
9,https://product.hstatic.net/200000722513/product/thinkbook_14_g6_abp_ct1_02_1416419c8076401299927cf7c6a804fc_1024x1024.png
9,https://product.hstatic.net/200000722513/product/thinkbook_14_g6_abp_ct1_03_39ea471b861449828bd8a1b0338255eb_1024x1024.png
9,https://product.hstatic.net/200000722513/product/thinkbook_14_g6_abp_ct1_01_7d62a81c01514a369d162486a1ef4c9c_1024x1024.png
9,https://product.hstatic.net/200000722513/product/thinkbook_14_g6_abp_ct1_04_7a65dd6f5419401d94780891a328a0b6_1024x1024.png
9,https://product.hstatic.net/200000722513/product/thinkbook_14_g6_abp_ct1_05_e7eff27c9d4248adba4bac84929388bc_1024x1024.png
9,https://product.hstatic.net/200000722513/product/thinkbook_14_g6_abp_ct2_01_f102d1019e1d40a491eeb02ae6a19fd2_1024x1024.png
9,https://product.hstatic.net/200000722513/product/thinkbook_14_g6_abp_ct2_03_4ea006a3c1e842849d7843b52a3a4f7b_1024x1024.png
9,https://product.hstatic.net/200000722513/product/thinkbook_14_g6_abp_ct2_04_fd6064b8e6c545b8a6b1793b2789bdae_1024x1024.png
10,https://product.hstatic.net/200000722513/product/ava_0ac2d4e1b9eb4e62aa9e1b6421ed60ea_1024x1024.png
10,https://product.hstatic.net/200000722513/product/thinkbook_14_g6_abp_ct1_02_72883e6872d84debbfdffa4e82dcd4db_1024x1024.png
10,https://product.hstatic.net/200000722513/product/thinkbook_14_g6_abp_ct2_02_2462b0a299a2446a9a32b186fe4bab34_1024x1024.png
10,https://product.hstatic.net/200000722513/product/thinkbook_14_g6_abp_ct1_01_8ec226b0300148b895f462e1d8817098_1024x1024.png
10,https://product.hstatic.net/200000722513/product/thinkbook_14_g6_abp_ct1_03_eef519a857f64c7a89cd73e9d9c9cecf_1024x1024.png
10,https://product.hstatic.net/200000722513/product/thinkbook_14_g6_abp_ct1_04_0052a55fde834073b2c0b259ae7ad90f_1024x1024.png
10,https://product.hstatic.net/200000722513/product/thinkbook_14_g6_abp_ct1_05_1433294aa7124eb595e19c1c0e610671_1024x1024.png
10,https://product.hstatic.net/200000722513/product/thinkbook_14_g6_abp_ct2_01_792cacd949fe4fe5a15cd62ca999ee97_1024x1024.png
10,https://product.hstatic.net/200000722513/product/thinkbook_14_g6_abp_ct2_03_1bc7374df8b5413783d5faf1b812d9a6_1024x1024.png
10,https://product.hstatic.net/200000722513/product/thinkbook_14_g6_abp_ct2_04_0f1401204f85455fbcd0fa8d95a831f8_1024x1024.png
11,https://product.hstatic.net/200000722513/product/ux5406sa-pv140ws_a84418fed2414842af64bef3e826846a_1024x1024.png
11,https://product.hstatic.net/200000722513/product/zenbook_s_14_ux5406sa_product_photo_3w_scandinavian_white_03_2400x2400_234d353d5da3409aa6d7c10451a0ea52_1024x1024.png
11,https://product.hstatic.net/200000722513/product/enbook_s_14_ux5406sa_product_photo_3w_scandinavian_white__04_2400x2400_d8f3df37fa924f53874f87fbfbf92d7c_1024x1024.png
11,https://product.hstatic.net/200000722513/product/enbook_s_14_ux5406sa_product_photo_3w_scandinavian_white__06_2400x2400_a7878130653b49d78d2a199f37b43b02_1024x1024.png
11,https://product.hstatic.net/200000722513/product/enbook_s_14_ux5406sa_product_photo_3w_scandinavian_white__07_2400x2400_489f2cafed864e7e85070804c8921fef_1024x1024.png
11,https://product.hstatic.net/200000722513/product/enbook_s_14_ux5406sa_product_photo_3w_scandinavian_white__08_2400x2400_a64da8269c314022b8a35be2d4b31a0e_1024x1024.png
11,https://product.hstatic.net/200000722513/product/enbook_s_14_ux5406sa_product_photo_3w_scandinavian_white__09_2400x2400_ca8fbbe43aa74ae59b3d9b695bbe3afe_1024x1024.png
11,https://product.hstatic.net/200000722513/product/enbook_s_14_ux5406sa_product_photo_3w_scandinavian_white__01_2400x2400_c30834eed1ca453c908402c24a2a956a_1024x1024.png
11,https://product.hstatic.net/200000722513/product/enbook_s_14_ux5406sa_product_photo_3w_scandinavian_white__02_2400x2400_64024e48d56943f1b926aa4b444f4ccf_1024x1024.png
12,https://product.hstatic.net/200000722513/product/acer-nitro-5-an515-46-r6qr_76527b5f7ffc4b1ba85be70a47091c25_1024x1024_8a2f0281efa040adb268338bcae8933c_1024x1024.png
12,https://product.hstatic.net/200000722513/product/acer-nitro-5-an515-46-r6qr-r7-6800h-3_4fbc39ad93b040e0813f6b33e77ccd38_a14c5093be864a5ab8b70e1bc599b590_1024x1024.png
12,https://product.hstatic.net/200000722513/product/acer-nitro-5-an515-46-r6qr-r7-6800h-1_47bf49bfe06647bbb84b1ed92e6253de_1012389295394c9198d30822543f0519_1024x1024.png
12,https://product.hstatic.net/200000722513/product/acer-nitro-5-an515-46-r6qr-r7-6800h-7_6ced579b07a0477487145ec3f6847cce_c2bded561b504d39a207e7af6716dd07_1024x1024.png
12,https://product.hstatic.net/200000722513/product/acer-nitro-5-an515-46-r6qr-r7-6800h-4_27ce0f90efff439694311cdbdd104a3f_9ce1e1ab4ea74424b193bf0b498a1acb_1024x1024.png
12,https://product.hstatic.net/200000722513/product/acer-nitro-5-an515-46-r6qr-r7-6800h-5_f629e26a723e4a03926abbf69130089e_0b064d65328942f2bcab2241601bdba0_1024x1024.png
12,https://product.hstatic.net/200000722513/product/acer-nitro-5-an515-46-r6qr-r7-6800h-6_bf78cf36ec7946a3a6499f474c872b09_edd4699608954df78c97a88da4b23cdd_1024x1024.png
13,https://product.hstatic.net/200000722513/product/ava_18fcf5617569479db9badb27576fbcf8_1024x1024.png
13,https://product.hstatic.net/200000722513/product/1_8c1232c544e9472db2c17d2326e95fd0_1024x1024.png
13,https://product.hstatic.net/200000722513/product/2_35e79f2121f043b8aad55339781bd222_1024x1024.png
13,https://product.hstatic.net/200000722513/product/4_89bc7b8b94da42cda052fb349bebc2b4_1024x1024.png
13,https://product.hstatic.net/200000722513/product/3_a995e73670704ffaa70b75dd51ed2ccd_1024x1024.png
13,https://product.hstatic.net/200000722513/product/5_7b5e58da43c4458cab49e2f0c28cb9ff_1024x1024.png
13,https://product.hstatic.net/200000722513/product/6_dff0a30b21b3411da29e5631ab7e7a0c_1024x1024.png
14,https://product.hstatic.net/200000722513/product/nitro-v_755588bd95514b6386940d73d3951e2d_1024x1024_e1587d0e15b642a2a568f52a8a2829c2_1024x1024.png
14,https://product.hstatic.net/200000722513/product/23-laptop-gaming-quoc-dan-1_2ffda667ab8d4b8a9ea8eccdcc25b36e_1024x1024_9c5560e1a80c4825b1745010549d6686_1024x1024.png
14,https://product.hstatic.net/200000722513/product/23-laptop-gaming-quoc-dan-2_f277040238814d629f1faeb61ff334bd_1024x1024_fd6b868c665c437993932207fde6b605_1024x1024.png
14,https://product.hstatic.net/200000722513/product/23-laptop-gaming-quoc-dan-3_812a88427add4149971f9c8573153ede_1024x1024_5d48205d5a874cd38ca2d07768ca039f_1024x1024.png
14,https://product.hstatic.net/200000722513/product/23-laptop-gaming-quoc-dan-4_32128d559ef54a479f09c2fd57be58a5_1024x1024_a17904ca5abe4902b090618c1e3431b9_1024x1024.png
14,https://product.hstatic.net/200000722513/product/23-laptop-gaming-quoc-dan-5_8fe4504ce1064f689f908a5a2f3471ff_1024x1024_66b64bf31f3b4321815f664d0956a03c_1024x1024.png
14,https://product.hstatic.net/200000722513/product/23-laptop-gaming-quoc-dan-6_51375ffc53ed4c8e93472d136825c50f_1024x1024_d4cf098b5a224150be7e431eaf4e64ac_1024x1024.png
14,https://product.hstatic.net/200000722513/product/23-laptop-gaming-quoc-dan-7_a7ff283f35014aa4b916484ae796d281_1024x1024_30b158663d1e4cd08579fac166a82dd5_1024x1024.png
14,https://product.hstatic.net/200000722513/product/23-laptop-gaming-quoc-dan-8_2b5515f8d9bd47fcbec2add2320005a1_1024x1024_3aa13bf16a6a4631ba2c7ebc9e109194_1024x1024.png
14,https://product.hstatic.net/200000722513/product/23-laptop-gaming-quoc-dan-9_4ba1a7c78f37498ca4fac4b1cf4c7694_1024x1024_09413b6e3d8e49998f2f8859453154e7_1024x1024.png
15,https://product.hstatic.net/200000722513/product/nitro-v_755588bd95514b6386940d73d3951e2d_1024x1024_bc0b12132d4042eab8a07af909096236_1024x1024.png
15,https://product.hstatic.net/200000722513/product/23-laptop-gaming-quoc-dan-1_2ffda667ab8d4b8a9ea8eccdcc25b36e_1024x1024_5cb6883857134fc3990108a96efaec5f_1024x1024.png
15,https://product.hstatic.net/200000722513/product/23-laptop-gaming-quoc-dan-2_f277040238814d629f1faeb61ff334bd_1024x1024_c75cb686a94e4b7086181dff5052f5bb_1024x1024.png
15,https://product.hstatic.net/200000722513/product/23-laptop-gaming-quoc-dan-3_812a88427add4149971f9c8573153ede_1024x1024_f6f0f264f666497ba9b62b86b8bb7b6c_1024x1024.png
15,https://product.hstatic.net/200000722513/product/23-laptop-gaming-quoc-dan-4_32128d559ef54a479f09c2fd57be58a5_1024x1024_0d10a168e6c54743914889a234c6d433_1024x1024.png
15,https://product.hstatic.net/200000722513/product/23-laptop-gaming-quoc-dan-5_8fe4504ce1064f689f908a5a2f3471ff_1024x1024_ae3ac9c8664d44e8974350c4a49a9ae1_1024x1024.png
15,https://product.hstatic.net/200000722513/product/23-laptop-gaming-quoc-dan-6_51375ffc53ed4c8e93472d136825c50f_1024x1024_4dbf49b504e44d239d487ff7b02b1c2c_1024x1024.png
15,https://product.hstatic.net/200000722513/product/23-laptop-gaming-quoc-dan-7_a7ff283f35014aa4b916484ae796d281_1024x1024_562f131fb43142608440d4bb7da9470b_1024x1024.png
15,https://product.hstatic.net/200000722513/product/23-laptop-gaming-quoc-dan-8_2b5515f8d9bd47fcbec2add2320005a1_1024x1024_4b1c2b63fa8c45ca8fdc7896989d0f46_1024x1024.png
15,https://product.hstatic.net/200000722513/product/23-laptop-gaming-quoc-dan-9_4ba1a7c78f37498ca4fac4b1cf4c7694_1024x1024_4c4979ed077b4c3fa05966e558e018e7_1024x1024.png
16,https://product.hstatic.net/200000722513/product/ava_ecb79fdbde454bfd87bf7ccd8675e972_1024x1024.png
16,https://product.hstatic.net/200000722513/product/1024__1__2a3da077932c4facbd5b0bddeb500a98_1024x1024.png
16,https://product.hstatic.net/200000722513/product/7_p064955_139c353254d341aaad85985c64056786_1024x1024.jpg
16,https://product.hstatic.net/200000722513/product/1024_b60b15558fe24c5e99cb9dbeda24fa33_1024x1024.png
16,https://product.hstatic.net/200000722513/product/1024__2__ce8404df00564133a0380392099c6830_1024x1024.png
16,https://product.hstatic.net/200000722513/product/1024__3__0be28313f5f04c4780bbe74540c414cd_1024x1024.png
16,https://product.hstatic.net/200000722513/product/1024__4__d8242b4655b2470c9534c8a0ae2e53ae_1024x1024.png
17,https://product.hstatic.net/200000722513/product/khung-laptop-23_7b9f8ee5a79545a0bdafadfb7aa7dd31_1024x1024.png
17,https://product.hstatic.net/200000722513/product/c08519961_bb12f7803e7648259ff7ffecdca39615_1024x1024.png
17,https://product.hstatic.net/200000722513/product/c08519833_478be8e00f7a4d419b79a0a34b0e7c8b_1024x1024.png
17,https://product.hstatic.net/200000722513/product/c08519897_670be5a79e754955b76e5a34b580e63e_1024x1024.png
17,https://product.hstatic.net/200000722513/product/23c1_victus_16_80w_micasilver_nonfpr_nonodd_coreset_rearleft_f3563411cd1148fabb8ab9eabc0096cb_1024x1024.jpg
17,https://product.hstatic.net/200000722513/product/victus_roaree_16_60w_micasilver_nonfpr_nonodd_coreset_leftrightprofile_9e7902bd3ee44420861791ca3d118430_1024x1024.jpg
18,https://product.hstatic.net/200000722513/product/khung-laptop-23_c0d67d4ab7784cb79fee2b12b64236ca_1024x1024.png
18,https://product.hstatic.net/200000722513/product/c08519961_9ec4ce750b8e4a2389d56cc476875574_1024x1024.png
18,https://product.hstatic.net/200000722513/product/c08519833_ee116593449f44319f18a0ed888d7148_1024x1024.png
18,https://product.hstatic.net/200000722513/product/c08519897_4f156e158fbb4a15bf937d4177599577_1024x1024.png
18,https://product.hstatic.net/200000722513/product/23c1_victus_16_80w_micasilver_nonfpr_nonodd_coreset_rearleft_0299e7f31854471f8f5a6bb20d85b737_1024x1024.jpg
18,https://product.hstatic.net/200000722513/product/victus_roaree_16_60w_micasilver_nonfpr_nonodd_coreset_leftrightprofile_6a7cec0414b44ad2b02e2d091d77b3e5_1024x1024.jpg
19,https://product.hstatic.net/200000722513/product/ava_c39a103f3dc0492fa4e64b59f4e56057_1024x1024.png
19,https://product.hstatic.net/200000722513/product/th-fingerprint-3-zone-backlit-on-wp-silver-01-1000x1000_1_nh.qpnaa.001_55ae5f532f9f4a1a8cfda0842d1d3e48_1024x1024.jpg
19,https://product.hstatic.net/200000722513/product/th-fingerprint-3-zone-backlit-on-wp-silver-04-1000x1000_1_nh.qpnaa.001_11bf28bcc0c1485793540f46ac1b7bf9_1024x1024.jpg
19,https://product.hstatic.net/200000722513/product/ingerprint-3-zone-backlit-on-wp-silver-02-1000x1000_1_nh.qpnaa.001__1__64150db0efc640cb8f720c26d2b25f9c_1024x1024.jpg
19,https://product.hstatic.net/200000722513/product/th-fingerprint-3-zone-backlit-on-wp-silver-03-1000x1000_1_nh.qpnaa.001_71ba2e9f24024bb4866cf35ff87822bd_1024x1024.jpg
19,https://product.hstatic.net/200000722513/product/-51-with-fingerprint-3-zone-backlit-silver-05-1000x1000_1_nh.qpnaa.001_f3b7c5b8ca19496d9f2a44835ac2eed8_1024x1024.jpg
19,https://product.hstatic.net/200000722513/product/-51-with-fingerprint-3-zone-backlit-silver-06-1000x1000_1_nh.qpnaa.001_9cede8e1cc7d4931b2e771afe13f38af_1024x1024.jpg
19,https://product.hstatic.net/200000722513/product/-51-with-fingerprint-3-zone-backlit-silver-08-1000x1000_1_nh.qpnaa.001_34c9bee8f4de424193cbe9f40079ba3f_1024x1024.jpg
19,https://product.hstatic.net/200000722513/product/-51-with-fingerprint-3-zone-backlit-silver-09-1000x1000_1_nh.qpnaa.001_92e69c939e5248e9971e1f7feb7429dd_1024x1024.jpg
20,https://product.hstatic.net/200000722513/product/ava_8884341ac5f14efb8e3a4710682698a2_1024x1024.png
20,https://product.hstatic.net/200000722513/product/swift_x_14_-_sfx14-71g_nx.kevsv.004_0a1104b03f06420dbe68648746709148_1024x1024.jpg
20,https://product.hstatic.net/200000722513/product/go-steel-gray-04.tif-custom_d9cf3b00b19d4bb1bbbb1545a41395b5_1024x1024_c97b16aad0e949869e90174b261172df_1024x1024.png
20,https://product.hstatic.net/200000722513/product/er-steel-gray-02.tif-custom_356a9884a69b45038bf2f81a3ff12a78_1024x1024_004c80be5e254c809729ed49ac1840b3_1024x1024.png
20,https://product.hstatic.net/200000722513/product/er-steel-gray-03.tif-custom_fcad82ff0f1547b4990f86e95b7c9478_1024x1024_e0292991a43d40feabc742cfb1d830a2_1024x1024.png
20,https://product.hstatic.net/200000722513/product/er-steel-gray-05.tif-custom_3eab1a2f4dbf41a3a19b04c3f5e5fd06_1024x1024_eaeab7cb8ad946418807ab322724dd61_1024x1024.png
20,https://product.hstatic.net/200000722513/product/paper-steel-gray-06.tif-custom_85826e3b098f48abb1eb23c48c4c0168_grande_bb9e45d1ea994ba79eeca957f1016740_1024x1024.png
20,https://product.hstatic.net/200000722513/product/er-steel-gray-08.tif-custom_ac966992e84f49338a7b25cf9e86fe30_1024x1024_636f44fc63dc44089feba78852373c2c_1024x1024.png
20,https://product.hstatic.net/200000722513/product/er-steel-gray-09.tif-custom_77f370394f31431e96ce4d8ad5776410_1024x1024_7b5149a7c9ab4134a195496d59c59bec_1024x1024.png
20,https://product.hstatic.net/200000722513/product/er-steel-gray-10.tif-custom_df3ce959051e49a793944f6613f1fd41_1024x1024_d07c82eb248a4256b92eeddac8a2a6f3_1024x1024.png
21,https://product.hstatic.net/200000722513/product/ava_2f4cb5c51e4640449bf838e9ccdf6f4e_1024x1024.png
21,https://product.hstatic.net/200000722513/product/swift_x_14_-_sfx14-71g_nx.kevsv.004_4535f71c67a04e6bafae742f9774838a_1024x1024.jpg
21,https://product.hstatic.net/200000722513/product/go-steel-gray-04.tif-custom_d9cf3b00b19d4bb1bbbb1545a41395b5_1024x1024_f7bef7de966f49f09e6f3aa6234e75bd_1024x1024.png
21,https://product.hstatic.net/200000722513/product/er-steel-gray-02.tif-custom_356a9884a69b45038bf2f81a3ff12a78_1024x1024_1c446ec20d0a4bfa995d8b32db6b173d_1024x1024.png
21,https://product.hstatic.net/200000722513/product/er-steel-gray-03.tif-custom_fcad82ff0f1547b4990f86e95b7c9478_1024x1024_6d690bbcadc747bc954055a905c72c04_1024x1024.png
21,https://product.hstatic.net/200000722513/product/er-steel-gray-10.tif-custom_df3ce959051e49a793944f6613f1fd41_1024x1024_8c86c90bdb2d41b8bab3854d163929dd_1024x1024.png
21,https://product.hstatic.net/200000722513/product/er-steel-gray-05.tif-custom_3eab1a2f4dbf41a3a19b04c3f5e5fd06_1024x1024_9c377842c3d44c7688495250c04ac308_1024x1024.png
21,https://product.hstatic.net/200000722513/product/paper-steel-gray-06.tif-custom_85826e3b098f48abb1eb23c48c4c0168_grande_a1d897ab35bc4def9aa75f907087c796_1024x1024.png
21,https://product.hstatic.net/200000722513/product/er-steel-gray-08.tif-custom_ac966992e84f49338a7b25cf9e86fe30_1024x1024_8725fb22dc4e4d98b40b4a3f8f6a7c8e_1024x1024.png
21,https://product.hstatic.net/200000722513/product/er-steel-gray-09.tif-custom_77f370394f31431e96ce4d8ad5776410_1024x1024_c1122f099d5e4663a96a1554f0019d2f_1024x1024.png
22,https://product.hstatic.net/200000722513/product/ava_77563131fc2b48acb9a41ec545d9ed7d_1024x1024.png
22,https://product.hstatic.net/200000722513/product/swift_x_14_-_sfx14-71g_nx.kevsv.004_904714fce972422e993aba01c5880689_1024x1024.jpg
22,https://product.hstatic.net/200000722513/product/go-steel-gray-04.tif-custom_d9cf3b00b19d4bb1bbbb1545a41395b5_1024x1024_1e039d29110145d1abc7e1a6ad184b65_1024x1024.png
22,https://product.hstatic.net/200000722513/product/er-steel-gray-02.tif-custom_356a9884a69b45038bf2f81a3ff12a78_1024x1024_6364a760b1f347f2bd1fab82306e32a6_1024x1024.png
22,https://product.hstatic.net/200000722513/product/er-steel-gray-03.tif-custom_fcad82ff0f1547b4990f86e95b7c9478_1024x1024_54add9eae496461190e155d0c3d6d181_1024x1024.png
22,https://product.hstatic.net/200000722513/product/er-steel-gray-10.tif-custom_df3ce959051e49a793944f6613f1fd41_1024x1024_752390d08057413db9ccad37c5f517b4_1024x1024.png
22,https://product.hstatic.net/200000722513/product/er-steel-gray-05.tif-custom_3eab1a2f4dbf41a3a19b04c3f5e5fd06_1024x1024_1c84b63b70a04fb59c07931251b3747f_1024x1024.png
22,https://product.hstatic.net/200000722513/product/paper-steel-gray-06.tif-custom_85826e3b098f48abb1eb23c48c4c0168_grande_51c13b02bee049268b97ccc49699eb0d_1024x1024.png
22,https://product.hstatic.net/200000722513/product/er-steel-gray-08.tif-custom_ac966992e84f49338a7b25cf9e86fe30_1024x1024_2ec6d2e7a2c64783bd857b55f66e1fbc_1024x1024.png
22,https://product.hstatic.net/200000722513/product/er-steel-gray-09.tif-custom_77f370394f31431e96ce4d8ad5776410_1024x1024_8cfc880b6bca4f06b613905ccd41a21e_1024x1024.png
23,https://product.hstatic.net/200000722513/product/ava_154bc0a668f641b18621d757134d761f_1024x1024.png
23,https://product.hstatic.net/200000722513/product/thinkpad_e16_gen_1_intel_ct1_01_e6d05739711d49ab82d771c8e8b52650_1024x1024.png
23,https://product.hstatic.net/200000722513/product/thinkpad_e16_gen_1_intel_ct1_02_2598c7cd87ff48c384506396e51b6969_1024x1024.png
23,https://product.hstatic.net/200000722513/product/thinkpad_e16_gen_1_intel_ct1_03_4b0e1070effc478d9eac0f606179f233_1024x1024.png
23,https://product.hstatic.net/200000722513/product/thinkpad_e16_gen_1_intel_ct2_03_e4749a401d1e42ed9356343c1e1a982c_1024x1024.png
23,https://product.hstatic.net/200000722513/product/thinkpad_e16_gen_1_intel_ct1_04_7e0b6dceaa5d4ab08a1dbd52f2c811b4_1024x1024.png
23,https://product.hstatic.net/200000722513/product/thinkpad_e16_gen_1_intel_ct1_05_e87536814d5141279cfc3ac50da57f21_1024x1024.png
23,https://product.hstatic.net/200000722513/product/thinkpad_e16_gen_1_intel_ct2_01_3697eef107354fbfa209e885b4893781_1024x1024.png
24,https://product.hstatic.net/200000722513/product/ava_d2da11ba2af941a8972ea4d4ddaf8159_1024x1024.png
24,https://product.hstatic.net/200000722513/product/01_scar_16_l_85bd13082c8642539079b222fdbd5448_1024x1024.png
24,https://product.hstatic.net/200000722513/product/03_scar_16_l_20fa39346b1542d0a8d650d60e899b68_1024x1024.png
24,https://product.hstatic.net/200000722513/product/04_scar_16_l_64e2ae2531164912b498cbeb82aa0238_1024x1024.png
24,https://product.hstatic.net/200000722513/product/05_scar_16_l_b11e0d5a0c6c480e8ab7a13f3eb6564d_1024x1024.png
24,https://product.hstatic.net/200000722513/product/10_scar_16_l_62264a2eefc44024be75f2af2f73d3d6_1024x1024.png
24,https://product.hstatic.net/200000722513/product/13_scar_16_l_4f126870aa914900b0b5ffadfd1a6c73_1024x1024.png
24,https://product.hstatic.net/200000722513/product/14_scar_16_5e2efcd9152d40d8991cda5b0b4c30d1_1024x1024.png
24,https://product.hstatic.net/200000722513/product/06_scar_16_l_48387e2ca178410db628a231e5334302_1024x1024.png
24,https://product.hstatic.net/200000722513/product/07_scar_16_l_36fd6411c89048a9b690cbdeb2b5a6ce_1024x1024.png
25,https://product.hstatic.net/200000722513/product/asus_vivobook_s_14_m5406wa-pp071ws_c2da05a3c54d400593f94d9aa6ad438a_1024x1024.jpg
25,https://product.hstatic.net/200000722513/product/download_936dd20bea98440abe2b69291077fd53_1024x1024.png
25,https://product.hstatic.net/200000722513/product/w800_56b86134bc5443118ab16be1dcc75fc8_1024x1024.png
25,https://product.hstatic.net/200000722513/product/download__2__7a17200cfa734447a1b30479aa6d8416_1024x1024.png
25,https://product.hstatic.net/200000722513/product/download__1__8d8bb22437c14047bb29bb21b7cf5457_1024x1024.png
25,https://product.hstatic.net/200000722513/product/download__3__14956c72fa6d4fa8b2386f57017ac1dc_1024x1024.png
25,https://product.hstatic.net/200000722513/product/download__4__58e36010e74d4defa3b9c325566e8938_1024x1024.png
25,https://product.hstatic.net/200000722513/product/download__5__5a90bcfde8064852b2d57330f87ff8d2_1024x1024.png
26,https://product.hstatic.net/200000722513/product/s5406ma-pp046ws_opi_1__c32544a0a1924215842dca8aaf3df95a_1024x1024.jpg
26,https://product.hstatic.net/200000722513/product/sus-vivobook-s-14-oled-s5406ma-pp136w_f797ef36a74641089313832483d62357_9f7e431993f5488f83e5ed424faa900d_1024x1024.png
26,https://product.hstatic.net/200000722513/product/s-vivobook-s-14-oled-s5406ma-pp136w_1_55b68fc6b842472db8d4db1923037c83_0909d2c22d2645e5a0db5f4c5e776c75_1024x1024.png
26,https://product.hstatic.net/200000722513/product/s-vivobook-s-14-oled-s5406ma-pp136w_2_6cea1c1b52904cb4961efa7702c60660_abde14545e02420f8b2c7558c4742ea7_1024x1024.png
26,https://product.hstatic.net/200000722513/product/s-vivobook-s-14-oled-s5406ma-pp136w_5_0fd3ef4e78534e399c066ca7abe4bd56_46bbf5f5383f44e5828ec544819d1fa0_1024x1024.png
26,https://product.hstatic.net/200000722513/product/s-vivobook-s-14-oled-s5406ma-pp136w_7_d82e796b77ff48e790c85f02a2a20679_7a533cb3d3334d2f8c18a255eede5caa_1024x1024.png
26,https://product.hstatic.net/200000722513/product/s-vivobook-s-14-oled-s5406ma-pp136w_3_6dcb718846ef485d96fbd290f435a834_9be7b7cad3a740c1b8ddacd51d17d66b_1024x1024.png
26,https://product.hstatic.net/200000722513/product/s-vivobook-s-14-oled-s5406ma-pp136w_4_8f197d28bce34913a9407c964b88fa83_9fe78588f83148a98dd8fc2a5d38f7e5_1024x1024.png
26,https://product.hstatic.net/200000722513/product/s-vivobook-s-14-oled-s5406ma-pp136w_6_23a8d8f7c411407294e606baa63ea71c_b71e511cb737484d9b9acfc613f69a29_1024x1024.png
27,https://product.hstatic.net/200000722513/product/wift-go-ai-2024-gen-2-sfg14-73-71zx_1_ccc2cc55cf11451086e09eac92cae064_cebd993058e6471d8b7b7d2dccb51ca3_1024x1024.png
27,https://product.hstatic.net/200000722513/product/wift-go-ai-2024-gen-2-sfg14-73-71zx_2_bf3212f799624e22a2802c5a3797ee03_53838013640b49dea42fa49effd90e95_1024x1024.png
27,https://product.hstatic.net/200000722513/product/wift-go-ai-2024-gen-2-sfg14-73-71zx_3_b95fb967509d4f8f98f03fcae16e41cc_a346efc3b9564db4882c1c601ce4d254_1024x1024.png
27,https://product.hstatic.net/200000722513/product/wift-go-ai-2024-gen-2-sfg14-73-71zx_4_c18cb262ac76458a8a26ecc5fded597a_84a7049184d8486aad0e3f3a156186b1_1024x1024.png
27,https://product.hstatic.net/200000722513/product/wift-go-ai-2024-gen-2-sfg14-73-71zx_5_8be7d392f60c4cf581cbdee9052291b6_79e16faa01af47389be413ff2ca86134_1024x1024.png
27,https://product.hstatic.net/200000722513/product/wift-go-ai-2024-gen-2-sfg14-73-71zx_6_3fb909b31eb5479d83387e5a7e4faa48_be3336f8fd3c4b1e979e4ab7e97c769e_1024x1024.png
27,https://product.hstatic.net/200000722513/product/wift-go-ai-2024-gen-2-sfg14-73-71zx_7_f10270b3e17b408bbab551fa6f56a508_f45b781f5db04086be91311f023f2d72_1024x1024.png
28,https://product.hstatic.net/200000722513/product/nitro-v_755588bd95514b6386940d73d3951e2d_1024x1024_70350ff9f60343ce8ee5cb88cffde097_1024x1024.png
28,https://product.hstatic.net/200000722513/product/23-laptop-gaming-quoc-dan-1_2ffda667ab8d4b8a9ea8eccdcc25b36e_1024x1024_312995c4803545cd941e7c8c728d0155_1024x1024.png
28,https://product.hstatic.net/200000722513/product/23-laptop-gaming-quoc-dan-2_f277040238814d629f1faeb61ff334bd_1024x1024_f437dfde7f46437a99eb202be77d237d_1024x1024.png
28,https://product.hstatic.net/200000722513/product/23-laptop-gaming-quoc-dan-3_812a88427add4149971f9c8573153ede_1024x1024_8876a851ced24bd2adf6627892969320_1024x1024.png
28,https://product.hstatic.net/200000722513/product/23-laptop-gaming-quoc-dan-4_32128d559ef54a479f09c2fd57be58a5_1024x1024_31816d9f887c4a5eac3d01285e6afd4a_1024x1024.png
28,https://product.hstatic.net/200000722513/product/23-laptop-gaming-quoc-dan-5_8fe4504ce1064f689f908a5a2f3471ff_1024x1024_7e8182bb159b422a91c1b953cd62d094_1024x1024.png
28,https://product.hstatic.net/200000722513/product/23-laptop-gaming-quoc-dan-6_51375ffc53ed4c8e93472d136825c50f_1024x1024_85d03d0390d343ee96b8e33d525d0784_1024x1024.png
28,https://product.hstatic.net/200000722513/product/23-laptop-gaming-quoc-dan-7_a7ff283f35014aa4b916484ae796d281_1024x1024_7d5a7e775524435aa73db9bc6b3f2158_1024x1024.png
28,https://product.hstatic.net/200000722513/product/23-laptop-gaming-quoc-dan-8_2b5515f8d9bd47fcbec2add2320005a1_1024x1024_d2a88c4ccc8b4a649f3bf01764583160_1024x1024.png
28,https://product.hstatic.net/200000722513/product/23-laptop-gaming-quoc-dan-9_4ba1a7c78f37498ca4fac4b1cf4c7694_1024x1024_d7baef0ad87d4b09bceb3127102245aa_1024x1024.png
29,https://product.hstatic.net/200000722513/product/wift-go-ai-2024-gen-2-sfg14-73-71zx_1_ccc2cc55cf11451086e09eac92cae064_ed8a6356d9374b53a4c13abaea1658a8_1024x1024.png
29,https://product.hstatic.net/200000722513/product/wift-go-ai-2024-gen-2-sfg14-73-71zx_2_bf3212f799624e22a2802c5a3797ee03_9c201d92d7544ab893c26e82f5c0910f_1024x1024.png
29,https://product.hstatic.net/200000722513/product/wift-go-ai-2024-gen-2-sfg14-73-71zx_3_b95fb967509d4f8f98f03fcae16e41cc_b631a211479f428cab5e7fd0da0c98d2_1024x1024.png
29,https://product.hstatic.net/200000722513/product/wift-go-ai-2024-gen-2-sfg14-73-71zx_4_c18cb262ac76458a8a26ecc5fded597a_ec9d03b649ef4f19a589c23530e315f3_1024x1024.png
29,https://product.hstatic.net/200000722513/product/wift-go-ai-2024-gen-2-sfg14-73-71zx_5_8be7d392f60c4cf581cbdee9052291b6_d7a4b3acba2f467bae4393cb43ad6985_1024x1024.png
29,https://product.hstatic.net/200000722513/product/wift-go-ai-2024-gen-2-sfg14-73-71zx_6_3fb909b31eb5479d83387e5a7e4faa48_956ea740b9dc41c9b376ecdc5d39ab20_1024x1024.png
29,https://product.hstatic.net/200000722513/product/wift-go-ai-2024-gen-2-sfg14-73-71zx_7_f10270b3e17b408bbab551fa6f56a508_2c27b3f924dc45f78ef559693a0621dc_1024x1024.png
30,https://product.hstatic.net/200000722513/product/ava_48704ef5ed9248ccb2455b916a67b5c8_1024x1024.png
30,https://product.hstatic.net/200000722513/product/h732__1__c996835a510b4dfc9fe2e288cc01206b_1024x1024.png
30,https://product.hstatic.net/200000722513/product/h732__2__ddd4324e14de4d08a9bacfdc4e86d9ce_1024x1024.png
30,https://product.hstatic.net/200000722513/product/h732_076c07e05cc640888094a4fa7243b695_1024x1024.png
30,https://product.hstatic.net/200000722513/product/h732__3__7518110d4ea24b2a89fc6eb64088d3cd_1024x1024.png
30,https://product.hstatic.net/200000722513/product/h732__4__7f55ca3c46f24b0bb061dbccffa11a55_1024x1024.png
30,https://product.hstatic.net/200000722513/product/h732__5__5e176b9030564ee68eb8d34d7945754a_1024x1024.png
30,https://product.hstatic.net/200000722513/product/h732__6__5e70a27be528409abdedfdcc7a0d5a25_1024x1024.png
31,https://product.hstatic.net/200000722513/product/ava_4786ac2f340f40c2b3511d6f423bf395_1024x1024.png
31,https://product.hstatic.net/200000722513/product/victus_by_hp_gaming_laptop_pc_performance_blue_roaree_left_1e080444b5c44db5b77be68857be747c_1024x1024.png
31,https://product.hstatic.net/200000722513/product/victus_by_hp_gaming_laptop_pc_performance_blue_roaree_right_2ee009df458d4f288254288573d265c4_1024x1024.png
31,https://product.hstatic.net/200000722513/product/victus_by_hp_gaming_laptop_pc_performance_blue_roaree_front_33b6d48f8d4a4528b965e85d208ce363_1024x1024.png
31,https://product.hstatic.net/200000722513/product/16-d0293tx-5z9r4pa-i5-11400h-1_b1d6a748c09d4019b1de431d145c2f54_master_d7496bd3b62841e385d8a3ee8d83689f_1024x1024.png
31,https://product.hstatic.net/200000722513/product/16-d0293tx-5z9r4pa-i5-11400h-4_31faae2cea6b4097a5573bd81ecc0a1e_master_7d8aab5a20a6488db2cb87be8274b714_1024x1024.png
32,https://product.hstatic.net/200000722513/product/khung-laptop-23_d55f5e7a60a841f4b2992982053f4c5b_1024x1024.png
32,https://product.hstatic.net/200000722513/product/c08519961_a100d00f927a401da9fe760e6f074c50_1024x1024.png
32,https://product.hstatic.net/200000722513/product/c08519833_74bcd0d6e5a74a97bbcac83ac3a931b5_1024x1024.png
32,https://product.hstatic.net/200000722513/product/c08519897_eeceebf55b874f2ab3a55b2f6cdab729_1024x1024.png
32,https://product.hstatic.net/200000722513/product/23c1_victus_16_80w_micasilver_nonfpr_nonodd_coreset_rearleft_48b6aba352934224a15e541246f33117_1024x1024.jpg
32,https://product.hstatic.net/200000722513/product/victus_roaree_16_60w_micasilver_nonfpr_nonodd_coreset_leftrightprofile_a3914fb2e1e84100b814a3f1f2bab34a_1024x1024.jpg
32,https://product.hstatic.net/200000722513/product/ictus_16_80w_micasilver_nt_hdcam_nonfpr_nonodd_victusamd_coreset_front_e705393b8a004413aae5e6cb79dec1df_1024x1024.jpg
32,https://product.hstatic.net/200000722513/product/_16_80w_micasilver_nt_hdcam_nonfpr_nonodd_victusamd_coreset_frontright_00aa1202ee2340fab2ab651373662730_1024x1024.jpg
33,https://product.hstatic.net/200000722513/product/khung-laptop-23_f1837c085c544a839405fc8df8a9cabd_1024x1024.png
33,https://product.hstatic.net/200000722513/product/c08519961_03038942f71b44e59cd56a90cd9b3221_1024x1024.png
33,https://product.hstatic.net/200000722513/product/c08519833_a44b5c01e7eb42eb8d21ea64525b7bc4_1024x1024.png
33,https://product.hstatic.net/200000722513/product/c08519897_fd8e7d6df7d040949bf7bfa6b1496e11_1024x1024.png
33,https://product.hstatic.net/200000722513/product/23c1_victus_16_80w_micasilver_nonfpr_nonodd_coreset_rearleft_c3a8bdd777d045d6963af068268f2158_1024x1024.jpg
33,https://product.hstatic.net/200000722513/product/victus_roaree_16_60w_micasilver_nonfpr_nonodd_coreset_leftrightprofile_6c6e8ecde8a84d8f91ca185d40d3f43e_1024x1024.jpg
33,https://product.hstatic.net/200000722513/product/ictus_16_80w_micasilver_nt_hdcam_nonfpr_nonodd_victusamd_coreset_front_f15ee49a21f949a2ab433085b3e1b166_1024x1024.jpg
33,https://product.hstatic.net/200000722513/product/_16_80w_micasilver_nt_hdcam_nonfpr_nonodd_victusamd_coreset_frontright_28a34a8002f64763b95024d5d1255f3e_1024x1024.jpg
34,https://product.hstatic.net/200000722513/product/ava-trang_96d26f2b6f5443e78f5ef21b5c6a6b7e_1024x1024.png
34,https://product.hstatic.net/200000722513/product/white_backlit_loq_15arp9_ct1_01_85cd13ac429e448c94dd75f01cef4134_1024x1024.png
34,https://product.hstatic.net/200000722513/product/white_backlit_loq_15arp9_ct1_02_5c6448efa2484ca888c3856952109b92_1024x1024.png
34,https://product.hstatic.net/200000722513/product/white_backlit_loq_15arp9_ct1_03_474100f580a4427e9aba68e4bd46952f_1024x1024.png
34,https://product.hstatic.net/200000722513/product/white_backlit_loq_15arp9_ct1_08_3aac60792406475cbacbcdda7ed323e9_1024x1024.png
34,https://product.hstatic.net/200000722513/product/white_backlit_loq_15arp9_ct2_01_17ccef7ce56946dca64d0ce14675165a_1024x1024.png
34,https://product.hstatic.net/200000722513/product/loq_15ahp9_ct1_08_2933e512732e41e5829800b06d40b1b6_1024x1024.png
34,https://product.hstatic.net/200000722513/product/loq_15ahp9_ct2_05_a6fed966d9054b999fc6ae3ad3b93c84_1024x1024.png
34,https://product.hstatic.net/200000722513/product/loq_15ahp9_ct2_06_5c34be9ac63a43859a356bcae8b3134a_1024x1024.png
35,https://product.hstatic.net/200000722513/product/ava_0160caea60454756957309f888fdd128_1024x1024.png
35,https://product.hstatic.net/200000722513/product/legion_5_15irx9_ct1_03_6066710950934c4693c30cfccc83a295_1024x1024.png
35,https://product.hstatic.net/200000722513/product/legion_5_15irx9_ct2_02_0525489233e54215af033720fde26473_1024x1024.png
35,https://product.hstatic.net/200000722513/product/legion_5_15irx9_ct1_01_d9806c000cbf4d9e8dddf624a5c8cd87_1024x1024.png
35,https://product.hstatic.net/200000722513/product/legion_5_15irx9_ct1_02_dd9e9df3c52248a48b231c2f1796148f_1024x1024.png
35,https://product.hstatic.net/200000722513/product/legion_5_15irx9_ct2_01_1f88e3e991c0464082e54425ad7f3e4c_1024x1024.png
36,https://product.hstatic.net/200000722513/product/ava_8236b3b0602640c48f4a922e1a7dd7f1_1024x1024.png
36,https://product.hstatic.net/200000722513/product/yoga_pro_7_14imh9_ct1_01_b448bba0ebac4243a5d2d59a364ab7fb_1024x1024.png
36,https://product.hstatic.net/200000722513/product/yoga_pro_7_14imh9_ct1_02_f850fbdbf1c2419a8e7b6ab75a1938d2_1024x1024.png
36,https://product.hstatic.net/200000722513/product/yoga_pro_7_14imh9_ct2_05_fa102e9eb45141aa8809aa3324d33bce_1024x1024.png
36,https://product.hstatic.net/200000722513/product/yoga_pro_7_14imh9_ct1_06_142379d8c5454ed4bf7f5075883935a5_1024x1024.png
36,https://product.hstatic.net/200000722513/product/yoga_pro_7_14imh9_ct1_04_4290925576844af09a23951d6f4bdbd3_1024x1024.png
36,https://product.hstatic.net/200000722513/product/yoga_pro_7_14imh9_ct1_05_38258f910c2c41bbb8089435911ca6b4_1024x1024.png
36,https://product.hstatic.net/200000722513/product/yoga_pro_7_14imh9_ct2_01_b573f7954a94434c8d427e19b930be03_1024x1024.png
36,https://product.hstatic.net/200000722513/product/yoga_pro_7_14imh9_ct2_02_01f406b0aa9349c2b89d1d78873c92e7_1024x1024.png
37,https://product.hstatic.net/200000722513/product/ava1_fa4a852e3b5b40978022459ce8d8562a_1024x1024.png
37,https://product.hstatic.net/200000722513/product/f6514d7479d8897fd3f2f29cb2d_d9014e06ead240cda83f826ce12a3783_1024x1024_9856a6e1670c4f489875fc3a23ac5a47_1024x1024.png
37,https://product.hstatic.net/200000722513/product/3c8369547fcabdb9bb7246d4bfd_08d3a41e75cb4d01a3964f93b53f34b3_1024x1024_f577348e64f84a1cbdecdd3da95a7eea_1024x1024.png
37,https://product.hstatic.net/200000722513/product/793ef0345eeb94eab851d23e4cc_07f02d961eec436cb3cc0a26623a54ab_1024x1024_f4f4303878b449b3958ec4d8801de395_1024x1024.png
37,https://product.hstatic.net/200000722513/product/05316d34d6681944b79e24d2844_227012cb4d33400093737902b784cc2b_1024x1024_418f13c9c82647fbbca5e34da30c280f_1024x1024.png
37,https://product.hstatic.net/200000722513/product/b6787414fa7bfe900432830852c_e6b0753fa4aa4cf2bfe394fa651d5d83_1024x1024_40bda4af6c4140b5b8c7c7a05bbf0ddd_1024x1024.png
37,https://product.hstatic.net/200000722513/product/c13b87e4fa497982544fff24465cec_6453d80fe0f74a7d871cbdd20d606eef_grande_95828fa89c6846f38f35d0ca46dc0be2_1024x1024.png
37,https://product.hstatic.net/200000722513/product/29bd247456b824d3b5c5f053bdf_34b04ad1ce424a76935150df12f7de7f_1024x1024_6a2297c8d1804cbca739adbad12d8aaf_1024x1024.png
37,https://product.hstatic.net/200000722513/product/eb3512f42fea2560b3abb32d1e2_afb53e098625462985bca1d84e6a1157_1024x1024_13c072fdfead4eb88ed80cf8e84cdc6a_1024x1024.png
37,https://product.hstatic.net/200000722513/product/532e68d49bab1a0a85ea9ee4d7b_65dbf820223a450e89f428eb2e28aa79_1024x1024_4f53cefe84414aaca3b97f67467a62d9_1024x1024.png
38,https://product.hstatic.net/200000722513/product/800__1__fc922d240a0344c1b0c396cb09597526_1024x1024.png
38,https://product.hstatic.net/200000722513/product/800__2__10d634ea4b05469d822a109815afa117_1024x1024.png
38,https://product.hstatic.net/200000722513/product/800__3__9d84d9af86b7455f957673b86af310de_1024x1024.png
38,https://product.hstatic.net/200000722513/product/csm_msi_nb_stealth_18_ai_a1v_photo12_fc8e04cbba_5060a4192943419d9a92f1012ca90af1_1024x1024.jpg
38,https://product.hstatic.net/200000722513/product/800__4__ad19c68e6e2941dfb16324e614c97cbe_1024x1024.png
38,https://product.hstatic.net/200000722513/product/800_c8a2c2c0d5fa4b4ba0adc9aa4a435a85_1024x1024.png
38,https://product.hstatic.net/200000722513/product/nghenhin_msi_nb_stealth_18_ai_a1v_4_daf9c0467f2a434ba1d44957dad5b2de_1024x1024.jpg
39,https://product.hstatic.net/200000722513/product/ava_38c16c82bf0843de8a092b99952dd14a_1024x1024.png
39,https://product.hstatic.net/200000722513/product/download_5a7ab16cb6b14c3b9d26ab0a77c8b3d8_1024x1024.png
39,https://product.hstatic.net/200000722513/product/predator-helios-neo-14-phn14-51-anh-sp-6_db2c34f213f949788c1d104e720dff87_1024x1024.png
39,https://product.hstatic.net/200000722513/product/predator-helios-neo-14-phn14-51-anh-sp-7_ab3a06bca7f443ecbb48f1eeb7a310a8_1024x1024.png
39,https://product.hstatic.net/200000722513/product/predator-helios-neo-14-phn14-51-anh-sp-8_90365fc55ca34742abdcb49773f18c31_1024x1024.png
39,https://product.hstatic.net/200000722513/product/predator-helios-neo-14-phn14-51-anh-sp-5_8b156c77a532401591cb77e5975af0ca_1024x1024.png
39,https://product.hstatic.net/200000722513/product/predator-helios-neo-14-phn14-51-anh-sp-2_29a0ef9807ae482b9776b921a5acb95a_1024x1024.png
39,https://product.hstatic.net/200000722513/product/predator-helios-neo-14-phn14-51-anh-sp-3_c06403ecbba44a6082e65571d7709f3f_1024x1024.png
39,https://product.hstatic.net/200000722513/product/predator-helios-neo-14-phn14-51-anh-sp-4_d6dc656fc36f44ffbc1e554b642d4be7_1024x1024.png
40,https://product.hstatic.net/200000722513/product/ava_606100541ccf48808f9569e7172f204e_1024x1024.png
40,https://product.hstatic.net/200000722513/product/download_6c3dd69470a143febccdac2c3697f964_1024x1024.png
40,https://product.hstatic.net/200000722513/product/predator-helios-neo-14-phn14-51-anh-sp-6_cc18c24f8f774d0480c0d0f8665f5852_1024x1024.png
40,https://product.hstatic.net/200000722513/product/predator-helios-neo-14-phn14-51-anh-sp-7_1bd80069082f4142bf2a3eca1c2f6867_1024x1024.png
40,https://product.hstatic.net/200000722513/product/predator-helios-neo-14-phn14-51-anh-sp-8_95648b6241af49d4a710bd1d6e52509a_1024x1024.png
40,https://product.hstatic.net/200000722513/product/predator-helios-neo-14-phn14-51-anh-sp-5_3196ae7b8bc943abaf06862dd14eeec1_1024x1024.png
40,https://product.hstatic.net/200000722513/product/predator-helios-neo-14-phn14-51-anh-sp-2_652bf604335f42f6a6c9cf34f9524c41_1024x1024.png
40,https://product.hstatic.net/200000722513/product/predator-helios-neo-14-phn14-51-anh-sp-3_9af38deb7e0e4030bbc60f2e89bf5b2b_1024x1024.png
40,https://product.hstatic.net/200000722513/product/predator-helios-neo-14-phn14-51-anh-sp-4_f1907a9ecb574007b7b0391f04d3f41d_1024x1024.png
41,https://product.hstatic.net/200000722513/product/asus_gaming_vivobook_k3605zc-rp564w_ea2d64835b1f48d0b871a334e40c05d5_1024x1024.jpg
41,https://product.hstatic.net/200000722513/product/asus_gaming_vivobook_k3605z_k3605v_product_photo_2k__d5a7a2b9886b4f2a81d2a5c0d98be8ab_1024x1024.png
41,https://product.hstatic.net/200000722513/product/asus_gaming_vivobook_k3605z_k3605v_product_photo_2k_indie_black_07__2dccd325301043b5a363b3a60436dd51_1024x1024.png
41,https://product.hstatic.net/200000722513/product/asus_gaming_vivobook_k3605z_k3605v_product_photo_2k_indie_black_08__1_5e3a96cdb4b746aa922b864ec9d38341_1024x1024.png
41,https://product.hstatic.net/200000722513/product/asus_gaming_vivobook_k3605z_k3605v_product_photo_2k_indie_black_12__59c1114c510347ae9d39ebd1a1335aea_1024x1024.png
41,https://product.hstatic.net/200000722513/product/asus_gaming_vivobook_k3605z_k3605v_product_photo_2k_indie_black_17__1499b7d69abd4332a76f741eac0e6503_1024x1024.png
41,https://product.hstatic.net/200000722513/product/asus_gaming_vivobook_k3605z_k3605v_product_photo_2k_indie_black_01_1_511f321f48f14d4a8923af25ef003331_1024x1024.png
41,https://product.hstatic.net/200000722513/product/g_vivobook_k3605z_k3605v_product_photo_2k_indie_black_02_thunderbolt_1_7ccdc1774ac94e0389742d66fb68cd9b_1024x1024.png
41,https://product.hstatic.net/200000722513/product/asus_gaming_vivobook_k3605z_k3605v_product_photo_2k_indie_black_09_1_b4257f9689954b11bb5ac974cb47b54b_1024x1024.png
41,https://product.hstatic.net/200000722513/product/asus_gaming_vivobook_k3605z_k3605v_product_photo_2k_indie_black_11_1_fa6c2386e43a49839d57bdeecf107233_1024x1024.png
42,https://product.hstatic.net/200000722513/product/asus_gaming_vivobook_k3605zu-rp296w_new_1_49eb90c1052842bab297ef6be3054255_1024x1024.jpg
42,https://product.hstatic.net/200000722513/product/asus_gaming_vivobook_k3605z_k3605v_product_photo_2k__1591fbb557a344189e458308f115c50e_1024x1024.png
42,https://product.hstatic.net/200000722513/product/asus_gaming_vivobook_k3605z_k3605v_product_photo_2k_indie_black_07__7cb50808bec4421e865b0dab5ae6bec0_1024x1024.png
42,https://product.hstatic.net/200000722513/product/asus_gaming_vivobook_k3605z_k3605v_product_photo_2k_indie_black_08__1_462c34b070cc4d6da6f7e18736379432_1024x1024.png
42,https://product.hstatic.net/200000722513/product/asus_gaming_vivobook_k3605z_k3605v_product_photo_2k_indie_black_12__53dbf10e554d428f8a4470ece1b8438b_1024x1024.png
42,https://product.hstatic.net/200000722513/product/asus_gaming_vivobook_k3605z_k3605v_product_photo_2k_indie_black_17__6df61c5e6d8545d38d452fe6302e1c3e_1024x1024.png
42,https://product.hstatic.net/200000722513/product/asus_gaming_vivobook_k3605z_k3605v_product_photo_2k_indie_black_01_1_f6c6beb8c11b4461b2ded45474d323c1_1024x1024.png
42,https://product.hstatic.net/200000722513/product/g_vivobook_k3605z_k3605v_product_photo_2k_indie_black_02_thunderbolt_1_0dc0561ad74d4889bf24d81e8d1dc2d1_1024x1024.png
42,https://product.hstatic.net/200000722513/product/asus_gaming_vivobook_k3605z_k3605v_product_photo_2k_indie_black_09_1_d9fac43b090b4cfbaaceb657a9831bcb_1024x1024.png
42,https://product.hstatic.net/200000722513/product/asus_gaming_vivobook_k3605z_k3605v_product_photo_2k_indie_black_11_1_69d07c23c07444939af11ea69d8802d9_1024x1024.png
43,https://product.hstatic.net/200000722513/product/ava_5cf8182eaaa84d0bb59110b4bd55f03a_1024x1024.png
43,https://product.hstatic.net/200000722513/product/-non-fingerprint-with-backlit-obsidian-black-05-1000x1000_nh.qp1aa.001_90affe44bedb418790da5c00ca4e24ed_1024x1024.jpg
43,https://product.hstatic.net/200000722513/product/-non-fingerprint-with-backlit-obsidian-black-06-1000x1000_nh.qp1aa.001_cdc3b299cb7b410bbd1220c913b19257_1024x1024.jpg
43,https://product.hstatic.net/200000722513/product/-non-fingerprint-with-backlit-obsidian-black-08-1000x1000_nh.qp1aa.001_dddbf879e57843df8306b5230d20c8b3_1024x1024.jpg
43,https://product.hstatic.net/200000722513/product/-non-fingerprint-with-backlit-obsidian-black-09-1000x1000_nh.qp1aa.001_14774634d7ab4130becd3a4f0e156f67_1024x1024.jpg
43,https://product.hstatic.net/200000722513/product/ingerprint-with-backlit-on-wp-obsidian-black-01-1000x1000_nh.qp1aa.001_15cc62f49fba4083a7aa91716ec6e542_1024x1024.jpg
43,https://product.hstatic.net/200000722513/product/ingerprint-with-backlit-on-wp-obsidian-black-02-1000x1000_nh.qp1aa.001_22ac09da3def4c0982a05a88573ff596_1024x1024.jpg
43,https://product.hstatic.net/200000722513/product/ingerprint-with-backlit-on-wp-obsidian-black-03-1000x1000_nh.qp1aa.001_0fec76e83b474d32a5cd2e67c2ad3189_1024x1024.jpg
43,https://product.hstatic.net/200000722513/product/ingerprint-with-backlit-on-wp-obsidian-black-04-1000x1000_nh.qp1aa.001_a849a9c5027c4b4d9b1abb3ce3661de4_1024x1024.jpg
44,https://product.hstatic.net/200000722513/product/ava_657afc09bc284663a4d6a59c44b32554_1024x1024.png
44,https://product.hstatic.net/200000722513/product/1_4822e92de96a4ac1bd3a066067b690b5_1024x1024.png
44,https://product.hstatic.net/200000722513/product/3_609bef1c3c21439e9c73593fd85802b6_1024x1024.png
44,https://product.hstatic.net/200000722513/product/2_490a854d37c3439080b9a9b49c393af2_1024x1024.png
44,https://product.hstatic.net/200000722513/product/4_4aa28e84fc2642d6adcb376dc14b26d1_1024x1024.png
44,https://product.hstatic.net/200000722513/product/5_2aff34027fd84027b743307aa75b9dd6_1024x1024.png
44,https://product.hstatic.net/200000722513/product/6_5b4871c15ed545d2889d7ccb9e09e0ec_1024x1024.png
45,https://product.hstatic.net/200000722513/product/ava_491b9a92bc484241ad85d6f8bbecbc7d_1024x1024.png
45,https://product.hstatic.net/200000722513/product/ingerprint-with-backlit-on-wp-obsidian-black-01-1000x1000_nh.qp1aa.001_463a9befaf0c493180a6b5e609bd2366_1024x1024.jpg
45,https://product.hstatic.net/200000722513/product/ingerprint-with-backlit-on-wp-obsidian-black-04-1000x1000_nh.qp1aa.001_a920d80829064aec916e118f911722dc_1024x1024.jpg
45,https://product.hstatic.net/200000722513/product/ingerprint-with-backlit-on-wp-obsidian-black-02-1000x1000_nh.qp1aa.001_f507cfba232a4c849c91ec437d92d278_1024x1024.jpg
45,https://product.hstatic.net/200000722513/product/ingerprint-with-backlit-on-wp-obsidian-black-03-1000x1000_nh.qp1aa.001_4d781f17085042d7ac2096ca13e61a1d_1024x1024.jpg
45,https://product.hstatic.net/200000722513/product/-non-fingerprint-with-backlit-obsidian-black-05-1000x1000_nh.qp1aa.001_f937bd8dd854462da55c2d5ff4cfc525_1024x1024.jpg
45,https://product.hstatic.net/200000722513/product/-non-fingerprint-with-backlit-obsidian-black-06-1000x1000_nh.qp1aa.001_75b33b1f2ad2401e827eec2a3d6f1ac5_1024x1024.jpg
45,https://product.hstatic.net/200000722513/product/-non-fingerprint-with-backlit-obsidian-black-08-1000x1000_nh.qp1aa.001_f3c51985eefc47d0bad163c5a0c54d14_1024x1024.jpg
45,https://product.hstatic.net/200000722513/product/-non-fingerprint-with-backlit-obsidian-black-09-1000x1000_nh.qp1aa.001_c8b618d079134ec2b61d78496ad58607_1024x1024.jpg
46,https://product.hstatic.net/200000722513/product/ava_ded8eaa81f5f4850a4f6fea27adc83b2_1024x1024.png
46,https://product.hstatic.net/200000722513/product/ingerprint-with-backlit-on-wp-obsidian-black-01-1000x1000_nh.qp1aa.001_c72fbdf656894afc88698f9a6e9c6e1a_1024x1024.jpg
46,https://product.hstatic.net/200000722513/product/ingerprint-with-backlit-on-wp-obsidian-black-04-1000x1000_nh.qp1aa.001_bc198f79c0474e43accb51e71ef36bc3_1024x1024.jpg
46,https://product.hstatic.net/200000722513/product/ingerprint-with-backlit-on-wp-obsidian-black-02-1000x1000_nh.qp1aa.001_988aa49d0ff142a4b3b561802146fd2a_1024x1024.jpg
46,https://product.hstatic.net/200000722513/product/ingerprint-with-backlit-on-wp-obsidian-black-03-1000x1000_nh.qp1aa.001_46969fae71ce4859b93f750aa5fbb473_1024x1024.jpg
46,https://product.hstatic.net/200000722513/product/-non-fingerprint-with-backlit-obsidian-black-05-1000x1000_nh.qp1aa.001_dad1e2ff98d8419e92ded1a2f2434b72_1024x1024.jpg
46,https://product.hstatic.net/200000722513/product/-non-fingerprint-with-backlit-obsidian-black-06-1000x1000_nh.qp1aa.001_7370dd6b5f6f46d181c54425e9eeb650_1024x1024.jpg
46,https://product.hstatic.net/200000722513/product/-non-fingerprint-with-backlit-obsidian-black-08-1000x1000_nh.qp1aa.001_2b1212febfe74f8fa7f09a44ac0c1b99_1024x1024.jpg
46,https://product.hstatic.net/200000722513/product/-non-fingerprint-with-backlit-obsidian-black-09-1000x1000_nh.qp1aa.001_0aa1ae7e3bae4895a42fedeadd38c2d5_1024x1024.jpg
47,https://product.hstatic.net/200000722513/product/ava_7150eafd9a07470cae41eb3971e35983_1024x1024.png
47,https://product.hstatic.net/200000722513/product/ingerprint-with-backlit-on-wp-obsidian-black-01-1000x1000_nh.qp1aa.001_8afe7b36958d4034b8e6445250108018_1024x1024.jpg
47,https://product.hstatic.net/200000722513/product/ingerprint-with-backlit-on-wp-obsidian-black-04-1000x1000_nh.qp1aa.001_f761db8654814ca6b98f631095b63956_1024x1024.jpg
47,https://product.hstatic.net/200000722513/product/ingerprint-with-backlit-on-wp-obsidian-black-02-1000x1000_nh.qp1aa.001_0f1e806b39c94ae4be67eec5a5ac032f_1024x1024.jpg
47,https://product.hstatic.net/200000722513/product/rprint-with-backlit-on-wp-obsidian-black-03-1000x1000_nh.qp1aa.001__1__834d4c50be1a490bbcd161823751391f_1024x1024.jpg
47,https://product.hstatic.net/200000722513/product/-fingerprint-with-backlit-obsidian-black-05-1000x1000_nh.qp1aa.001__1__d226a751923c4090bcd0ab4494d3666c_1024x1024.jpg
47,https://product.hstatic.net/200000722513/product/-non-fingerprint-with-backlit-obsidian-black-06-1000x1000_nh.qp1aa.001_1d9490c423b14a89829b67d09b5b5608_1024x1024.jpg
47,https://product.hstatic.net/200000722513/product/-non-fingerprint-with-backlit-obsidian-black-08-1000x1000_nh.qp1aa.001_8f5044631d704680957376488fbeada6_1024x1024.jpg
47,https://product.hstatic.net/200000722513/product/-non-fingerprint-with-backlit-obsidian-black-09-1000x1000_nh.qp1aa.001_4823f3ffaf084338a10ec5b7be77cc00_1024x1024.jpg
48,https://product.hstatic.net/200000722513/product/18amg-1-1024x1024_ac398a2e896e4f2294231cb847edb1fe_1024x1024.png
48,https://product.hstatic.net/200000722513/product/18amg-5-1024x1024_a8c0651f454c41f89cd27707e0b495f9_1024x1024.png
48,https://product.hstatic.net/200000722513/product/18amg-2-1024x1024_a84c6999736d4cf3837605faaea6b382_1024x1024.png
48,https://product.hstatic.net/200000722513/product/18amg-6-1024x1024_45503f539f95430cbcc77172306bbb4d_1024x1024.png
48,https://product.hstatic.net/200000722513/product/18amg-3-1024x1024_b1589c74fcde4456b79722b8e395a52a_1024x1024.png
48,https://product.hstatic.net/200000722513/product/18amg-7-1024x1024_893d6db651e34e64b5ce55528ce2475a_1024x1024.png
48,https://product.hstatic.net/200000722513/product/18amg-8-1024x1024_87c42e0db15b4993adf257563d23371e_1024x1024.png
48,https://product.hstatic.net/200000722513/product/18amg-9-1024x1024_905c99a2d40a4d2493f9b6566ad68e38_1024x1024.png
48,https://product.hstatic.net/200000722513/product/amgacc-6-1024x1024_1a62c129e3994836b56a3e255b5f9ce3_1024x1024.png
49,https://product.hstatic.net/200000722513/product/asus_vivobook_s_15_oled_s5507qa-ma089ws_-_notifyme_c080406e13b544eb96932f773807b13b_1024x1024.gif
49,https://product.hstatic.net/200000722513/product/vivobook_s_15_oled_product_photo_2s_cool_silver_05_1_1_84429a6675fd435fb481a5aad0764866_1024x1024.png
49,https://product.hstatic.net/200000722513/product/vivobook_s_15_oled_product_photo_2s_cool_silver_07_1_1_a75879c72f1f4c51a7e2c2941711e728_1024x1024.png
49,https://product.hstatic.net/200000722513/product/vivobook_s_15_oled_product_photo_2s_cool_silver_08_1_1_fb0f3b96ac9a48fc855014ed8a7e37de_1024x1024.png
49,https://product.hstatic.net/200000722513/product/vivobook_s_15_oled_product_photo_2s_cool_silver_12_1_1_9e7b4da1927048dfb0f3c56885960810_1024x1024.png
49,https://product.hstatic.net/200000722513/product/vivobook_s_15_oled_product_photo_2s_cool_silver_09_1_1_be290bf51fde459f964ffb6eaa4a684f_1024x1024.png
49,https://product.hstatic.net/200000722513/product/vivobook_s_15_oled_product_photo_2s_cool_silver_11_1_1_ad99bcf786a741b2b9acace1644ade13_1024x1024.png
49,https://product.hstatic.net/200000722513/product/vivobook_s_15_oled_product_photo_2s_cool_silver_01_1_1_ea8fce72b3ae478b88d5368b1d89c470_1024x1024.png
49,https://product.hstatic.net/200000722513/product/vivobook_s_15_oled_product_photo_2s_cool_silver_02_1_1_4897f858a56c49e29192e86dbf268134_1024x1024.png
50,https://product.hstatic.net/200000722513/product/ava_fb8c7b47366c4eab82bd2e7e4c9e0dd9_1024x1024.png
50,https://product.hstatic.net/200000722513/product/thinkpad_x1_carbon_gen_12_ct1_03_c8e29b5bdeb54471949e2ef687f65dd5_1024x1024.png
50,https://product.hstatic.net/200000722513/product/thinkpad_x1_carbon_gen_12_ct1_05_1963309d5d9e4bd7bba5ac2414aba3bb_1024x1024.png
50,https://product.hstatic.net/200000722513/product/thinkpad_x1_carbon_gen_12_ct1_07_7e84bf54a1bf4ab4ac0497762ff7c9cc_1024x1024.png
50,https://product.hstatic.net/200000722513/product/thinkpad_x1_carbon_gen_12_ct2_05_9dcbf519c7b24a18990235ab8c3f68d5_1024x1024.png
50,https://product.hstatic.net/200000722513/product/thinkpad_x1_carbon_gen_12_ct1_09_9667fc2906c2484fbc776c0111d9d31b_1024x1024.png
50,https://product.hstatic.net/200000722513/product/thinkpad_x1_carbon_gen_12_ct2_10_63565d9ab33a40ffac76c1405bd84409_1024x1024.png
50,https://product.hstatic.net/200000722513/product/thinkpad_x1_carbon_gen_12_ct2_11_e9acff7d2d0c411884bd8308729b1243_1024x1024.png
50,https://product.hstatic.net/200000722513/product/thinkpad_x1_carbon_gen_12_ct2_02_a229bdf41e2e461ab91885d7ce72c108_1024x1024.png
50,https://product.hstatic.net/200000722513/product/thinkpad_x1_carbon_gen_12_ct2_03_3a0ee78b61564786a0e11b4a1691cc04_1024x1024.png
